{
  "generated_at": "2026-03-30T16:24:14.241818+00:00",
  "rows": [
    {
      "strategy": "flat_baseline",
      "signal_count": 0,
      "total_return": 0.0,
      "sharpe_ratio": 0.0,
      "max_drawdown": 0.0,
      "win_rate": 0.0,
      "total_trades": 0,
      "final_capital": 1000.0,
      "liquidation_events": 0
    },
    {
      "strategy": "extreme_downtrend_short",
      "signal_count": 258,
      "total_return": 0.020925225642122316,
      "sharpe_ratio": 0.011722001267242148,
      "max_drawdown": -13.299254195085316,
      "win_rate": 28.57142857142857,
      "total_trades": 105,
      "final_capital": 1000.2092522564212,
      "liquidation_events": 0
    },
    {
      "strategy": "short_overlay_switcher",
      "signal_count": 29,
      "total_return": 12.084234696289219,
      "sharpe_ratio": 0.3062844236429697,
      "max_drawdown": -3.858628549266361,
      "win_rate": 46.666666666666664,
      "total_trades": 15,
      "final_capital": 1120.8423469628922,
      "liquidation_events": 0
    }
  ]
}