{
  "generated_at": "2026-03-30T16:37:13.172344+00:00",
  "rows": [
    {
      "strategy": "flat_baseline",
      "signal_count": 0,
      "total_return": 0.0,
      "sharpe_ratio": 0.0,
      "max_drawdown": 0.0,
      "win_rate": 0.0,
      "total_trades": 0,
      "final_capital": 1000.0,
      "liquidation_events": 0
    },
    {
      "strategy": "short_overlay_switcher",
      "signal_count": 29,
      "total_return": 12.084234696289219,
      "sharpe_ratio": 0.3062844236429697,
      "max_drawdown": -3.858628549266361,
      "win_rate": 46.666666666666664,
      "total_trades": 15,
      "final_capital": 1120.8423469628922,
      "liquidation_events": 0
    },
    {
      "strategy": "strong_bull_long",
      "signal_count": 8,
      "total_return": -3.3404026266000413,
      "sharpe_ratio": -0.2417994201252337,
      "max_drawdown": -4.201998666740935,
      "win_rate": 0.0,
      "total_trades": 6,
      "final_capital": 966.5959737339996,
      "liquidation_events": 0
    },
    {
      "strategy": "sparse_meta_portfolio",
      "signal_count": 37,
      "total_return": 8.340169976489802,
      "sharpe_ratio": 0.20406320468854194,
      "max_drawdown": -4.201998666740938,
      "win_rate": 33.33333333333333,
      "total_trades": 21,
      "final_capital": 1083.401699764898,
      "liquidation_events": 0
    }
  ]
}